,mean_freq,std_freq,min_freq,max_freq,mean_bw,count
biophonic,,,,,,
geophonic,87.44509600028492,76.16795417740315,21.533203125,7665.8203125,95.210659768697,39038.0
